{"mean": [1.6472463254825571, 26.06127147157783, 3.713476182043563, 3.4227023198158313, 3.440410837612892, 3.1639808748007794, 3.778643527536745, 3.466619443952541, 4.183283159199575, 3.1400743757747476, 3.58349566141314, 3.9684788383212326, 2.777758101646892, 3.646892155126616, 2.802018771028865, 2.166282982114397, 2.132282627944041, 2.496192668673632, 2.670090313440765, 3.846821321055428, 2.18469984062334, 2.3878165397556224, 2.5951832831591997, 3.034885780060209, 3.282450858863113, 1.988843633787852, 3.6382149814060565, 3.7101115636621214, 3.332034708694882, 3.050823446077563, 2.576943509828227, 2.345670267398619, 2.908269877811227, 2.936957676642465, 3.0814591818664776, 3.206127147157783, 3.391535328493005, 2.6831946166105896, 2.4087125907561537, 3.1822206481317514, 2.873029927395077, 3.313086594652028, 3.4375774747653622, 3.400035417035594, 3.550911988666549, 3.780591464494422, 3.3748893217637685, 3.5537453515140784, 2.3127324242960863, 2.7951124490880113, 2.9121657517265804, 3.522578360191252, 2.8783424827341952, 2.712059500619798, 3.4127855498494775, 3.299451035948291, 2.533026385691518, 3.1646892155126616, 3.401452098459359, 2.8719674163272533, 3.7083407118824154, 2.710465734018063, 2.8948114042854614, 2.600850008854259, 2.2247210908446964, 2.8916238710819906, 3.518505401097928, 2.5115990791570746, 3.0798654152647424, 3.102001062511068, 2.2433150345316095, 3.8195502036479545, 2.4969010093855144, 2.0471046573401805, 2.220825216929343, 2.536922259606871, 3.9119886665486097, 2.8209668850717193, 3.2495130157605807, 2.6736320170001773, 2.850185939436869, 2.2500442712944926, 3.9380201877102885, 3.050823446077563, 3.543474411191783, 3.6476004958384984, 2.4933593058261025, 3.3667434035771207, 2.458650610943864, 3.5942978572693467, 2.7079865415264743, 2.9913228262794402, 2.400566672569506], "scale": [0.532844504067232, 11.347816591633377, 1.484254438523375, 1.478852136398907, 1.5187686104986526, 1.5089693297403786, 1.221328113343371, 1.3866127219436977, 1.1493179759539882, 1.4901958783184928, 1.4440992577144223, 1.2290669206855644, 1.6008722618812485, 1.4192073947869028, 1.478411853644899, 1.3721960337298706, 1.3755038278395448, 1.392869858522186, 1.2848560278133414, 1.1750083695215594, 1.400268009601221, 1.3330391624119782, 1.5006396714872006, 1.4094552511767158, 1.3219544106383363, 1.386538608449035, 1.291694272527476, 1.2869268582148343, 1.4660091193266291, 1.3784764106153355, 1.4641890197525564, 1.3888964702239377, 1.4940104605950097, 1.6795500660750653, 1.2614995234626027, 1.4658661574007519, 1.2872613801926, 1.269036742348106, 1.3641603557781425, 1.4809752118178234, 1.4602921163178404, 1.5001601296179503, 1.569574473190499, 1.4523492075979685, 1.520598942702269, 1.2236348485952653, 1.6292309106868623, 1.3478851786120585, 1.4360652602438784, 1.6071573303630073, 1.5672422630573823, 1.4645852527758219, 1.5165354627394914, 1.3811327485822165, 1.3954818999850611, 1.4124988061295538, 1.4322297997294153, 1.5133453344221028, 1.4896436116553058, 1.4785181824849098, 1.359605795043463, 1.5021153536609066, 1.5256219124053634, 1.475033708526262, 1.3936426870015053, 1.5943095311189903, 1.5007120785219905, 1.441313462789875, 1.4726706204910578, 1.5791074060211838, 1.5661826613335585, 1.2619621821721667, 1.5049470260466653, 1.424038493690345, 1.2290122926965683, 1.5199547324441254, 1.177323847117152, 1.4866144698760648, 1.3809806367857391, 1.3834192188701322, 1.3272195862529494, 1.4172741809321827, 1.2707151645903387, 1.4662494042834224, 1.3043277755220515, 1.337683453817484, 1.4260286861423268, 1.3933660026289065, 1.3638619863875965, 1.1839443274638162, 1.45552505300132, 1.3971165389566433, 1.4437028976842738]}